noc_code,year,team_name,n_athletes
AHO,1992,Netherlands Antilles,2
ALG,1992,Algeria,4
AND,1992,Andorra,5
ARG,1992,Argentina,20
AUS,1992,Australia,22
AUT,1992,Austria,58
BEL,1992,Belgium,5
BER,1992,Bermuda,1
BOL,1992,Bolivia,5
BRA,1992,Brazil,7
BUL,1992,Bulgaria,30
CAN,1992,Canada,108
CHI,1992,Chile,5
CHN,1992,China,32
CRC,1992,Costa Rica,4
CRO,1992,Croatia,4
CYP,1992,Cyprus,4
DEN,1992,Denmark,6
ESP,1992,Spain,17
EST,1992,Estonia,19
EUN,1992,Unified Team,129
FIN,1992,Finland,62
FRA,1992,France,109
GBR,1992,Great Britain,49
GER,1992,Germany,111
GRE,1992,Greece,8
HON,1992,Honduras,1
HUN,1992,Hungary,24
IND,1992,India,2
IRL,1992,Ireland-2,4
ISL,1992,Iceland,5
ISV,1992,United States Virgin Islands,12
ITA,1992,Italy,107
JAM,1992,Jamaica,5
JPN,1992,Japan,60
KOR,1992,South Korea,23
LAT,1992,Latvia,23
LIB,1992,Lebanon,4
LIE,1992,Liechtenstein,7
LTU,1992,Lithuania,6
LUX,1992,Luxembourg,1
MAR,1992,Morocco,12
MEX,1992,Mexico,20
MGL,1992,Mongolia,4
MON,1992,Monaco,5
NED,1992,Netherlands,19
NOR,1992,Norway,79
NZL,1992,New Zealand,6
PHI,1992,Philippines,1
POL,1992,Poland,53
PRK,1992,North Korea,20
PUR,1992,Puerto Rico-2,6
ROU,1992,Romania,23
SEN,1992,Senegal,2
SLO,1992,Slovenia,27
SMR,1992,San Marino,3
SUI,1992,Switzerland,74
SWE,1992,Sweden,73
SWZ,1992,Swaziland,1
TCH,1992,Czechoslovakia,74
TPE,1992,Chinese Taipei,8
TUR,1992,Turkey,8
USA,1992,United States,148
YUG,1992,Yugoslavia,25
AND,1994,Andorra,6
ARG,1994,Argentina,10
ARM,1994,Armenia,2
ASA,1994,American Samoa,2
AUS,1994,Australia,25
AUT,1994,Austria,80
BEL,1994,Belgium,5
BER,1994,Bermuda,1
BIH,1994,Bosnia and Herzegovina,10
BLR,1994,Belarus,33
BRA,1994,Brazil,1
BUL,1994,Bulgaria,17
CAN,1994,Canada,95
CHI,1994,Chile,3
CHN,1994,China,24
CRO,1994,Croatia,3
CYP,1994,Cyprus,1
CZE,1994,Czech Republic,63
DEN,1994,Denmark,4
ESP,1994,Spain,13
EST,1994,Estonia,26
FIJ,1994,Fiji,1
FIN,1994,Finland,61
FRA,1994,France,98
GBR,1994,Great Britain,32
GEO,1994,Georgia,5
GER,1994,Germany,112
GRE,1994,Greece,9
HUN,1994,Hungary,16
ISL,1994,Iceland,5
ISR,1994,Israel,1
ISV,1994,United States Virgin Islands,8
ITA,1994,Italy,104
JAM,1994,Jamaica,4
JPN,1994,Japan,59
KAZ,1994,Kazakhstan,29
KGZ,1994,Kyrgyzstan,1
KOR,1994,South Korea,21
LAT,1994,Latvia,27
LIE,1994,Liechtenstein,10
LTU,1994,Lithuania,6
LUX,1994,Luxembourg,1
MDA,1994,Moldova,2
MEX,1994,Mexico,1
MGL,1994,Mongolia,1
MON,1994,Monaco,5
NED,1994,Netherlands,21
NOR,1994,Norway,87
NZL,1994,New Zealand,7
POL,1994,Poland,28
POR,1994,Portugal,1
PUR,1994,Puerto Rico,5
ROU,1994,Romania,23
RSA,1994,South Africa,2
RUS,1994,Russia,113
SEN,1994,Senegal,1
SLO,1994,Slovenia,22
SMR,1994,San Marino,3
SUI,1994,Switzerland,59
SVK,1994,Slovakia,42
SWE,1994,Sweden,84
TPE,1994,Chinese Taipei,2
TTO,1994,Trinidad and Tobago,2
TUR,1994,Turkey,1
UKR,1994,Ukraine,37
USA,1994,United States,148
UZB,1994,Uzbekistan,7
AND,1998,Andorra,3
ARG,1998,Argentina,2
ARM,1998,Armenia,7
AUS,1998,Australia,23
AUT,1998,Austria,96
AZE,1998,Azerbaijan,4
BEL,1998,Belgium,1
BER,1998,Bermuda,1
BIH,1998,Bosnia and Herzegovina,8
BLR,1998,Belarus,59
BRA,1998,Brazil,1
BUL,1998,Bulgaria,19
CAN,1998,Canada,144
CHI,1998,Chile,3
CHN,1998,China,56
CRO,1998,Croatia,6
CYP,1998,Cyprus,1
CZE,1998,Czech Republic,61
DEN,1998,Denmark,12
ESP,1998,Spain,12
EST,1998,Estonia,20
FIN,1998,Finland,85
FRA,1998,France,106
GBR,1998,Great Britain,34
GEO,1998,Georgia,4
GER,1998,Germany,125
GRE,1998,Greece,13
HUN,1998,Hungary,17
IND,1998,India,1
IRI,1998,Iran,1
IRL,1998,Ireland,6
ISL,1998,Iceland,7
ISR,1998,Israel,3
ISV,1998,United States Virgin Islands,7
ITA,1998,Italy,113
JAM,1998,Jamaica,6
JPN,1998,Japan,156
KAZ,1998,Kazakhstan,60
KEN,1998,Kenya,1
KGZ,1998,Kyrgyzstan,1
KOR,1998,South Korea,37
LAT,1998,Latvia,29
LIE,1998,Liechtenstein,8
LTU,1998,Lithuania,7
LUX,1998,Luxembourg,1
MDA,1998,Moldova,2
MGL,1998,Mongolia,3
MKD,1998,Macedonia,3
MON,1998,Monaco,4
NED,1998,Netherlands,22
NOR,1998,Norway,75
NZL,1998,New Zealand,8
POL,1998,Poland,39
POR,1998,Portugal,2
PRK,1998,North Korea,8
PUR,1998,Puerto Rico,6
ROU,1998,Romania,16
RSA,1998,South Africa,2
RUS,1998,Russia,122
SCG,1998,Serbia and Montenegro,2
SLO,1998,Slovenia,34
SUI,1998,Switzerland,69
SVK,1998,Slovakia,37
SWE,1998,Sweden,99
TPE,1998,Chinese Taipei,7
TTO,1998,Trinidad and Tobago,2
TUR,1998,Turkey,1
UKR,1998,Ukraine,56
URU,1998,Uruguay,1
USA,1998,United States,186
UZB,1998,Uzbekistan,4
VEN,1998,Venezuela,1
AND,2002,Andorra,3
ARG,2002,Argentina,11
ARM,2002,Armenia,9
AUS,2002,Australia,25
AUT,2002,Austria,90
AZE,2002,Azerbaijan,4
BEL,2002,Belgium,6
BER,2002,Bermuda,1
BIH,2002,Bosnia and Herzegovina,2
BLR,2002,Belarus,64
BRA,2002,Brazil,10
BUL,2002,Bulgaria,23
CAN,2002,Canada,150
CHI,2002,Chile,6
CHN,2002,China,65
CMR,2002,Cameroon,1
CRC,2002,Costa Rica,1
CRO,2002,Croatia,13
CYP,2002,Cyprus,1
CZE,2002,Czech Republic,76
DEN,2002,Denmark,11
ESP,2002,Spain,7
EST,2002,Estonia,17
FIJ,2002,Fiji,1
FIN,2002,Finland,98
FRA,2002,France,114
GBR,2002,Great Britain,49
GEO,2002,Georgia,4
GER,2002,Germany,157
GRE,2002,Greece,10
HKG,2002,Hong Kong,2
HUN,2002,Hungary,25
IND,2002,India,1
IRI,2002,Iran,2
IRL,2002,Ireland,6
ISL,2002,Iceland,6
ISR,2002,Israel,5
ISV,2002,United States Virgin Islands,8
ITA,2002,Italy,108
JAM,2002,Jamaica,2
JPN,2002,Japan,103
KAZ,2002,Kazakhstan,50
KEN,2002,Kenya,1
KGZ,2002,Kyrgyzstan,2
KOR,2002,South Korea,46
LAT,2002,Latvia,47
LIB,2002,Lebanon,2
LIE,2002,Liechtenstein,8
LTU,2002,Lithuania,8
MDA,2002,Moldova,5
MEX,2002,Mexico,3
MGL,2002,Mongolia,4
MKD,2002,Macedonia,2
MON,2002,Monaco,5
NED,2002,Netherlands,27
NEP,2002,Nepal,1
NOR,2002,Norway,77
NZL,2002,New Zealand,10
POL,2002,Poland,27
ROU,2002,Romania,21
RSA,2002,South Africa,1
RUS,2002,Russia,151
SCG,2002,Serbia and Montenegro,6
SLO,2002,Slovenia,40
SMR,2002,San Marino,1
SUI,2002,Switzerland,110
SVK,2002,Slovakia,49
SWE,2002,Sweden,102
THA,2002,Thailand,1
TJK,2002,Tajikistan,1
TPE,2002,Chinese Taipei,6
TTO,2002,Trinidad and Tobago,3
TUR,2002,Turkey,3
UKR,2002,Ukraine,68
USA,2002,United States,202
UZB,2002,Uzbekistan,6
VEN,2002,Venezuela,4
ALB,2006,Albania,1
ALG,2006,Algeria,2
AND,2006,Andorra,3
ARG,2006,Argentina,9
ARM,2006,Armenia,5
AUS,2006,Australia,40
AUT,2006,Austria,73
AZE,2006,Azerbaijan,2
BEL,2006,Belgium,4
BER,2006,Bermuda,1
BIH,2006,Bosnia and Herzegovina,6
BLR,2006,Belarus,28
BRA,2006,Brazil,9
BUL,2006,Bulgaria,21
CAN,2006,Canada,191
CHI,2006,Chile,9
CHN,2006,China,73
CRC,2006,Costa Rica,1
CRO,2006,Croatia,23
CYP,2006,Cyprus,1
CZE,2006,Czech Republic,83
DEN,2006,Denmark,4
ESP,2006,Spain,16
EST,2006,Estonia,26
ETH,2006,Ethiopia,1
FIN,2006,Finland,90
FRA,2006,France,82
GBR,2006,Great Britain,39
GEO,2006,Georgia,3
GER,2006,Germany,155
GRE,2006,Greece,5
HKG,2006,Hong Kong,1
HUN,2006,Hungary,19
IND,2006,India,4
IRI,2006,Iran,2
IRL,2006,Ireland,4
ISL,2006,Iceland,5
ISR,2006,Israel-1,5
ITA,2006,Italy,179
JPN,2006,Japan,110
KAZ,2006,Kazakhstan,55
KEN,2006,Kenya,1
KGZ,2006,Kyrgyzstan,1
KOR,2006,South Korea,40
LAT,2006,Latvia,57
LIB,2006,Lebanon,3
LIE,2006,Liechtenstein,5
LTU,2006,Lithuania,7
LUX,2006,Luxembourg,1
MAD,2006,Madagascar,1
MDA,2006,Moldova,6
MGL,2006,Mongolia,2
MKD,2006,Macedonia,3
MON,2006,Monaco,4
NED,2006,Netherlands,33
NEP,2006,Nepal,1
NOR,2006,Norway,67
NZL,2006,New Zealand,15
POL,2006,Poland,45
POR,2006,Portugal,1
PRK,2006,North Korea,6
ROU,2006,Romania,25
RSA,2006,South Africa,3
RUS,2006,Russia,174
SCG,2006,Serbia and Montenegro,6
SEN,2006,Senegal,1
SLO,2006,Slovenia,36
SMR,2006,San Marino,1
SUI,2006,Switzerland,125
SVK,2006,Slovakia,58
SWE,2006,Sweden,106
THA,2006,Thailand,1
TJK,2006,Tajikistan,1
TPE,2006,Chinese Taipei,1
TUR,2006,Turkey,6
UKR,2006,Ukraine,52
USA,2006,United States,204
UZB,2006,Uzbekistan,4
VEN,2006,Venezuela,1
ALB,2010,Albania,1
ALG,2010,Algeria,1
AND,2010,Andorra,6
ARG,2010,Argentina,7
ARM,2010,Armenia,4
AUS,2010,Australia,40
AUT,2010,Austria,75
AZE,2010,Azerbaijan,2
BEL,2010,Belgium,8
BER,2010,Bermuda,1
BIH,2010,Bosnia and Herzegovina,5
BLR,2010,Belarus,47
BRA,2010,Brazil,5
BUL,2010,Bulgaria,19
CAN,2010,Canada,201
CAY,2010,Cayman Islands,1
CHI,2010,Chile,3
CHN,2010,China,85
COL,2010,Colombia,1
CRO,2010,Croatia,19
CYP,2010,Cyprus,2
CZE,2010,Czech Republic,90
DEN,2010,Denmark,17
ESP,2010,Spain,18
EST,2010,Estonia,30
ETH,2010,Ethiopia,1
FIN,2010,Finland,91
FRA,2010,France,104
GBR,2010,Great Britain,52
GEO,2010,Georgia,6
GER,2010,Germany,149
GHA,2010,Ghana,1
GRE,2010,Greece,7
HKG,2010,Hong Kong,1
HUN,2010,Hungary,15
IND,2010,India,3
IRI,2010,Iran,4
IRL,2010,Ireland,6
ISL,2010,Iceland,4
ISR,2010,Israel,3
ITA,2010,Italy,109
JAM,2010,Jamaica,1
JPN,2010,Japan,91
KAZ,2010,Kazakhstan,37
KGZ,2010,Kyrgyzstan,2
KOR,2010,South Korea,45
LAT,2010,Latvia,53
LIB,2010,Lebanon,3
LIE,2010,Liechtenstein,4
LTU,2010,Lithuania,6
MAR,2010,Morocco,1
MDA,2010,Moldova,7
MEX,2010,Mexico,1
MGL,2010,Mongolia,2
MKD,2010,Macedonia,3
MNE,2010,Montenegro,1
MON,2010,Monaco,3
NED,2010,Netherlands,32
NEP,2010,Nepal,1
NOR,2010,Norway,95
NZL,2010,New Zealand,16
PAK,2010,Pakistan,1
PER,2010,Peru,3
POL,2010,Poland,46
POR,2010,Portugal,1
PRK,2010,North Korea,2
ROU,2010,Romania,28
RSA,2010,South Africa,2
RUS,2010,Russia,175
SEN,2010,Senegal,1
SLO,2010,Slovenia,47
SMR,2010,San Marino,1
SRB,2010,Serbia,10
SUI,2010,Switzerland,134
SVK,2010,Slovakia,68
SWE,2010,Sweden,101
TJK,2010,Tajikistan,1
TPE,2010,Chinese Taipei,1
TUR,2010,Turkey,5
UKR,2010,Ukraine,45
USA,2010,United States,212
UZB,2010,Uzbekistan,3
ALB,2014,Albania,1
AND,2014,Andorra,6
ARG,2014,Argentina,7
ARM,2014,Armenia,4
AUS,2014,Australia,60
AUT,2014,Austria,126
AZE,2014,Azerbaijan,3
BEL,2014,Belgium,7
BER,2014,Bermuda,1
BIH,2014,Bosnia and Herzegovina,5
BLR,2014,Belarus,26
BRA,2014,Brazil,13
BUL,2014,Bulgaria,18
CAN,2014,Canada,217
CAY,2014,Cayman Islands,1
CHI,2014,Chile,6
CHN,2014,China,62
CRO,2014,Croatia,11
CYP,2014,Cyprus,1
CZE,2014,Czech Republic,87
DEN,2014,Denmark,10
DMA,2014,Dominica,1
ESP,2014,Spain,20
EST,2014,Estonia,25
FIN,2014,Finland,99
FRA,2014,France,107
GBR,2014,Great Britain,53
GEO,2014,Georgia,4
GER,2014,Germany,151
GRE,2014,Greece,7
HKG,2014,Hong Kong,1
HUN,2014,Hungary,16
IND,2014,India,2
IOA,2014,Individual Olympic Athletes,1
IRI,2014,Iran,5
IRL,2014,Ireland,5
ISL,2014,Iceland,5
ISR,2014,Israel,4
ISV,2014,United States Virgin Islands,1
ITA,2014,Italy,110
IVB,2014,British Virgin Islands,1
JAM,2014,Jamaica,2
JPN,2014,Japan,109
KAZ,2014,Kazakhstan,50
KGZ,2014,Kyrgyzstan,1
KOR,2014,South Korea,70
LAT,2014,Latvia,56
LIB,2014,Lebanon,2
LIE,2014,Liechtenstein,3
LTU,2014,Lithuania,9
LUX,2014,Luxembourg,1
MAR,2014,Morocco,2
MDA,2014,Moldova,4
MEX,2014,Mexico,1
MGL,2014,Mongolia,2
MKD,2014,Macedonia,3
MLT,2014,Malta,1
MNE,2014,Montenegro,2
MON,2014,Monaco,5
NED,2014,Netherlands,39
NEP,2014,Nepal,1
NOR,2014,Norway,110
NZL,2014,New Zealand,14
PAK,2014,Pakistan,1
PAR,2014,Paraguay,1
PER,2014,Peru,3
PHI,2014,Philippines,1
POL,2014,Poland,58
POR,2014,Portugal,2
ROU,2014,Romania,22
RUS,2014,Russia,213
SLO,2014,Slovenia,58
SMR,2014,San Marino,2
SRB,2014,Serbia,8
SUI,2014,Switzerland,152
SVK,2014,Slovakia,62
SWE,2014,Sweden,99
TGA,2014,Tonga,1
THA,2014,Thailand,2
TJK,2014,Tajikistan,1
TLS,2014,Timor Leste,1
TOG,2014,Togo,2
TPE,2014,Chinese Taipei,3
TUR,2014,Turkey,6
UKR,2014,Ukraine,42
USA,2014,United States,222
UZB,2014,Uzbekistan,3
VEN,2014,Venezuela,1
ZIM,2014,Zimbabwe,1
